{"cameraMode":{"drawMode":0,"name":"Shaded","section":"Shading Mode"},"sceneLighting":true,"audioPlay":false,"sceneViewState":{"m_AlwaysRefresh":false,"showFog":true,"showSkybox":true,"showFlares":true,"showImageEffects":true,"showParticleSystems":true,"showVisualEffectGraphs":true,"m_FxEnabled":true},"in2DMode":false,"pivot":{"x":511.63983154296877,"y":263.03424072265627,"z":-836.9552001953125},"rotation":{"x":0.016498953104019166,"y":-0.0059991455636918549,"z":0.00009899502038024366,"w":0.9998456239700317},"size":426.0268859863281,"orthographic":true}