{"cameraMode":{"drawMode":0,"name":"Shaded","section":"Shading Mode"},"sceneLighting":false,"audioPlay":false,"sceneViewState":{"m_AlwaysRefresh":false,"showFog":true,"showSkybox":false,"showFlares":true,"showImageEffects":true,"showParticleSystems":true,"showVisualEffectGraphs":true,"m_FxEnabled":true},"in2DMode":false,"pivot":{"x":274.8350830078125,"y":130.05484008789063,"z":14.658599853515625},"rotation":{"x":0.09575365483760834,"y":-0.24667476117610932,"z":0.024500949308276178,"w":0.9640462398529053},"size":227.6190948486328,"orthographic":true}